{
  "project_info": {
    "project_number": "646594734551",
    "project_id": "loanapp-b5fa9",
    "storage_bucket": "loanapp-b5fa9.appspot.com"
  },
  "client": [
    {
      "client_info": {
        "mobilesdk_app_id": "1:646594734551:android:04dc089a875b2d86088392",
        "android_client_info": {
          "package_name": "com.example.loanapp1"
        }
      },
      "oauth_client": [],
      "api_key": [
        {
          "current_key": "AIzaSyDV6YDoGoeBcbo7ODJQfBtbFnjNc4ZYwDo"
        }
      ],
      "services": {
        "appinvite_service": {
          "other_platform_oauth_client": []
        }
      }
    }
  ],
  "configuration_version": "1"
}